Code,Name,Industry,Ticker
1101,台泥,水泥工業,1101.TW
1102,亞泥,水泥工業,1102.TW
1103,嘉泥,水泥工業,1103.TW
1104,環泥,水泥工業,1104.TW
1108,幸福,水泥工業,1108.TW
1109,信大,水泥工業,1109.TW
1110,東泥,水泥工業,1110.TW
1201,味全,食品工業,1201.TW
1203,味王,食品工業,1203.TW
1210,大成,食品工業,1210.TW
1213,大飲,食品工業,1213.TW
1215,卜蜂,食品工業,1215.TW
1216,統一,食品工業,1216.TW
1217,愛之味,食品工業,1217.TW
1218,泰山,食品工業,1218.TW
1219,福壽,食品工業,1219.TW
1220,台榮,食品工業,1220.TW
1225,福懋油,食品工業,1225.TW
1227,佳格,食品工業,1227.TW
1229,聯華,食品工業,1229.TW
1231,聯華食,食品工業,1231.TW
1232,大統益,食品工業,1232.TW
1233,天仁,食品工業,1233.TW
1234,黑松,食品工業,1234.TW
1235,興泰,食品工業,1235.TW
1236,宏亞,食品工業,1236.TW
1256,鮮活果汁-KY,食品工業,1256.TW
1301,台塑,塑膠工業,1301.TW
1303,南亞,塑膠工業,1303.TW
1304,台聚,塑膠工業,1304.TW
1305,華夏,塑膠工業,1305.TW
1307,三芳,塑膠工業,1307.TW
1308,亞聚,塑膠工業,1308.TW
1309,台達化,塑膠工業,1309.TW
1310,台苯,塑膠工業,1310.TW
1312,國喬,塑膠工業,1312.TW
1313,聯成,塑膠工業,1313.TW
1314,中石化,塑膠工業,1314.TW
1315,達新,塑膠工業,1315.TW
1316,上曜,建材營造業,1316.TW
1319,東陽,汽車工業,1319.TW
1321,大洋,塑膠工業,1321.TW
1323,永裕,塑膠工業,1323.TW
1324,地球,塑膠工業,1324.TW
1325,恆大,塑膠工業,1325.TW
1326,台化,塑膠工業,1326.TW
1337,再生-KY,塑膠工業,1337.TW
1338,廣華-KY,汽車工業,1338.TW
1339,昭輝,汽車工業,1339.TW
1340,勝悅-KY,塑膠工業,1340.TW
1341,富林-KY,塑膠工業,1341.TW
1342,八貫,其他業,1342.TW
1402,遠東新,紡織纖維,1402.TW
1409,新纖,紡織纖維,1409.TW
1410,南染,紡織纖維,1410.TW
1413,宏洲,紡織纖維,1413.TW
1414,東和,紡織纖維,1414.TW
1416,廣豐,其他業,1416.TW
1417,嘉裕,紡織纖維,1417.TW
1418,東華,紡織纖維,1418.TW
1419,新紡,紡織纖維,1419.TW
1423,利華,紡織纖維,1423.TW
1432,大魯閣,運動休閒,1432.TW
1434,福懋,紡織纖維,1434.TW
1435,中福,其他業,1435.TW
1436,華友聯,建材營造業,1436.TW
1437,勤益控,其他業,1437.TW
1438,三地開發,建材營造業,1438.TW
1439,雋揚,建材營造業,1439.TW
1440,南紡,紡織纖維,1440.TW
1441,大東,紡織纖維,1441.TW
1442,名軒,建材營造業,1442.TW
1443,立益物流,其他業,1443.TW
1444,力麗,紡織纖維,1444.TW
1445,大宇,紡織纖維,1445.TW
1446,宏和,紡織纖維,1446.TW
1447,力鵬,紡織纖維,1447.TW
1449,佳和,紡織纖維,1449.TW
1451,年興,紡織纖維,1451.TW
1452,宏益,紡織纖維,1452.TW
1453,大將,建材營造業,1453.TW
1454,台富,紡織纖維,1454.TW
1455,集盛,紡織纖維,1455.TW
1456,怡華,建材營造業,1456.TW
1457,宜進,紡織纖維,1457.TW
1459,聯發,紡織纖維,1459.TW
1460,宏遠,紡織纖維,1460.TW
1463,強盛新,紡織纖維,1463.TW
1464,得力,紡織纖維,1464.TW
1465,偉全,紡織纖維,1465.TW
1466,聚隆,紡織纖維,1466.TW
1467,南緯,紡織纖維,1467.TW
1468,昶和,紡織纖維,1468.TW
1470,大統新創,紡織纖維,1470.TW
1471,首利,電子零組件業,1471.TW
1472,三洋實業,建材營造業,1472.TW
1473,台南,紡織纖維,1473.TW
1474,弘裕,紡織纖維,1474.TW
1475,業旺,紡織纖維,1475.TW
1476,儒鴻,紡織纖維,1476.TW
1477,聚陽,紡織纖維,1477.TW
1503,士電,電機機械,1503.TW
1504,東元,電機機械,1504.TW
1506,正道,電機機械,1506.TW
1512,瑞利,汽車工業,1512.TW
1513,中興電,電機機械,1513.TW
1514,亞力,電機機械,1514.TW
1515,力山,電機機械,1515.TW
1516,川飛,其他業,1516.TW
1517,利奇,電機機械,1517.TW
1519,華城,電機機械,1519.TW
1521,大億,汽車工業,1521.TW
1522,堤維西,汽車工業,1522.TW
1524,耿鼎,汽車工業,1524.TW
1525,江申,汽車工業,1525.TW
1526,日馳,電機機械,1526.TW
1527,鑽全,電機機械,1527.TW
1528,恩德,電機機械,1528.TW
1529,樂事綠能,電機機械,1529.TW
1530,亞崴,電機機械,1530.TW
1531,高林股,電機機械,1531.TW
1532,勤美,電機機械,1532.TW
1533,車王電,汽車工業,1533.TW
1535,中宇,電機機械,1535.TW
1536,和大,汽車工業,1536.TW
1537,廣隆,電機機械,1537.TW
1538,正峰,電機機械,1538.TW
1539,巨庭,電機機械,1539.TW
1540,喬福,電機機械,1540.TW
1541,錩泰,電機機械,1541.TW
1558,伸興,電機機械,1558.TW
1560,中砂,電機機械,1560.TW
1563,巧新,汽車工業,1563.TW
1568,倉佑,汽車工業,1568.TW
1582,信錦,電子零組件業,1582.TW
1583,程泰,電機機械,1583.TW
1587,吉茂,汽車工業,1587.TW
1589,永冠-KY,電機機械,1589.TW
1590,亞德客-KY,電機機械,1590.TW
1597,直得,電機機械,1597.TW
1598,岱宇,運動休閒,1598.TW
1603,華電,電器電纜,1603.TW
1604,聲寶,電器電纜,1604.TW
1605,華新,電器電纜,1605.TW
1608,華榮,電器電纜,1608.TW
1609,大亞,電器電纜,1609.TW
1611,中電,電器電纜,1611.TW
1612,宏泰,電器電纜,1612.TW
1614,三洋電,電器電纜,1614.TW
1615,大山,電器電纜,1615.TW
1616,億泰,電器電纜,1616.TW
1617,榮星,電器電纜,1617.TW
1618,合機,電器電纜,1618.TW
1623,大東電,電器電纜,1623.TW
1626,艾美特-KY,電器電纜,1626.TW
1702,南僑,食品工業,1702.TW
1707,葡萄王,生技醫療業,1707.TW
1708,東鹼,化學工業,1708.TW
1709,和益,化學工業,1709.TW
1710,東聯,化學工業,1710.TW
1711,永光,化學工業,1711.TW
1712,興農,化學工業,1712.TW
1713,國化,化學工業,1713.TW
1714,和桐,化學工業,1714.TW
1717,長興,化學工業,1717.TW
1718,中纖,化學工業,1718.TW
1720,生達,生技醫療業,1720.TW
1721,三晃,化學工業,1721.TW
1722,台肥,化學工業,1722.TW
1723,中碳,化學工業,1723.TW
1725,元禎,化學工業,1725.TW
1726,永記,化學工業,1726.TW
1727,中華化,化學工業,1727.TW
1730,花仙子,化學工業,1730.TW
1731,美吾華,生技醫療業,1731.TW
1732,毛寶,化學工業,1732.TW
1733,五鼎,生技醫療業,1733.TW
1734,杏輝,生技醫療業,1734.TW
1735,日勝化,化學工業,1735.TW
1736,喬山,運動休閒,1736.TW
1737,臺鹽,食品工業,1737.TW
1752,南光,生技醫療業,1752.TW
1760,寶齡富錦,生技醫療業,1760.TW
1762,中化生,生技醫療業,1762.TW
1773,勝一,化學工業,1773.TW
1776,展宇,化學工業,1776.TW
1783,和康生,生技醫療業,1783.TW
1786,科妍,生技醫療業,1786.TW
1789,神隆,生技醫療業,1789.TW
1795,美時,生技醫療業,1795.TW
1802,台玻,玻璃陶瓷,1802.TW
1805,寶徠,建材營造業,1805.TW
1806,冠軍,玻璃陶瓷,1806.TW
1808,潤隆,建材營造業,1808.TW
1809,中釉,玻璃陶瓷,1809.TW
1810,和成,玻璃陶瓷,1810.TW
1817,凱撒衛,玻璃陶瓷,1817.TW
1903,士紙,造紙工業,1903.TW
1904,正隆,造紙工業,1904.TW
1905,華紙,造紙工業,1905.TW
1906,寶隆,造紙工業,1906.TW
1907,永豐餘,造紙工業,1907.TW
1909,榮成,造紙工業,1909.TW
2002,中鋼,鋼鐵工業,2002.TW
2006,東和鋼鐵,鋼鐵工業,2006.TW
2007,燁興,鋼鐵工業,2007.TW
2008,高興昌,鋼鐵工業,2008.TW
2009,第一銅,鋼鐵工業,2009.TW
2010,春源,鋼鐵工業,2010.TW
2012,春雨,鋼鐵工業,2012.TW
2013,中鋼構,鋼鐵工業,2013.TW
2014,中鴻,鋼鐵工業,2014.TW
2015,豐興,鋼鐵工業,2015.TW
2017,官田鋼,鋼鐵工業,2017.TW
2020,美亞,鋼鐵工業,2020.TW
2022,聚亨,鋼鐵工業,2022.TW
2023,燁輝,鋼鐵工業,2023.TW
2024,志聯,鋼鐵工業,2024.TW
2025,千興,鋼鐵工業,2025.TW
2027,大成鋼,鋼鐵工業,2027.TW
2028,威致,鋼鐵工業,2028.TW
2029,盛餘,鋼鐵工業,2029.TW
2030,彰源,鋼鐵工業,2030.TW
2031,新光鋼,鋼鐵工業,2031.TW
2032,新鋼,鋼鐵工業,2032.TW
2033,佳大,鋼鐵工業,2033.TW
2034,允強,鋼鐵工業,2034.TW
2038,海光,鋼鐵工業,2038.TW
2049,上銀,電機機械,2049.TW
2059,川湖,電子零組件業,2059.TW
2062,橋椿,居家生活,2062.TW
2069,運錩,鋼鐵工業,2069.TW
2101,南港,橡膠工業,2101.TW
2102,泰豐,橡膠工業,2102.TW
2103,台橡,橡膠工業,2103.TW
2104,國際中橡,橡膠工業,2104.TW
2105,正新,橡膠工業,2105.TW
2106,建大,橡膠工業,2106.TW
2107,厚生,橡膠工業,2107.TW
2108,南帝,橡膠工業,2108.TW
2109,華豐,橡膠工業,2109.TW
2114,鑫永銓,橡膠工業,2114.TW
2115,六暉-KY,汽車工業,2115.TW
2201,裕隆,汽車工業,2201.TW
2204,中華,汽車工業,2204.TW
2206,三陽工業,汽車工業,2206.TW
2207,和泰車,汽車工業,2207.TW
2208,台船,航運業,2208.TW
2211,長榮鋼,鋼鐵工業,2211.TW
2227,裕日車,汽車工業,2227.TW
2228,劍麟,汽車工業,2228.TW
2231,為升,汽車工業,2231.TW
2233,宇隆,汽車工業,2233.TW
2236,百達-KY,汽車工業,2236.TW
2239,英利-KY,汽車工業,2239.TW
2241,艾姆勒,汽車工業,2241.TW
2243,宏旭-KY,汽車工業,2243.TW
2247,汎德永業,汽車工業,2247.TW
2248,華勝-KY,汽車工業,2248.TW
2250,IKKA-KY,汽車工業,2250.TW
2301,光寶科,電腦及週邊設備業,2301.TW
2302,麗正,半導體業,2302.TW
2303,聯電,半導體業,2303.TW
2305,全友,電腦及週邊設備業,2305.TW
2308,台達電,電子零組件業,2308.TW
2312,金寶,其他電子業,2312.TW
2313,華通,電子零組件業,2313.TW
2314,台揚,通信網路業,2314.TW
2316,楠梓電,電子零組件業,2316.TW
2317,鴻海,其他電子業,2317.TW
2321,東訊,通信網路業,2321.TW
2323,中環,光電業,2323.TW
2324,仁寶,電腦及週邊設備業,2324.TW
2327,國巨*,電子零組件業,2327.TW
2328,廣宇,電子零組件業,2328.TW
2329,華泰,半導體業,2329.TW
2330,台積電,半導體業,2330.TW
2331,精英,電腦及週邊設備業,2331.TW
2332,友訊,通信網路業,2332.TW
2337,旺宏,半導體業,2337.TW
2338,光罩,半導體業,2338.TW
2340,台亞,半導體業,2340.TW
2342,茂矽,半導體業,2342.TW
2344,華邦電,半導體業,2344.TW
2345,智邦,通信網路業,2345.TW
2347,聯強,電子通路業,2347.TW
2348,海悅,其他業,2348.TW
2349,錸德,光電業,2349.TW
2351,順德,半導體業,2351.TW
2352,佳世達,電腦及週邊設備業,2352.TW
2353,宏��,電腦及週邊設備業,2353.TW
2354,鴻準,其他電子業,2354.TW
2355,敬鵬,電子零組件業,2355.TW
2356,英業達,電腦及週邊設備業,2356.TW
2357,華碩,電腦及週邊設備業,2357.TW
2359,所羅門,其他電子業,2359.TW
2360,致茂,其他電子業,2360.TW
2362,藍天,電腦及週邊設備業,2362.TW
2363,矽統,半導體業,2363.TW
2364,倫飛,電腦及週邊設備業,2364.TW
2365,昆盈,電腦及週邊設備業,2365.TW
2367,燿華,電子零組件業,2367.TW
2368,金像電,電子零組件業,2368.TW
2369,菱生,半導體業,2369.TW
2371,大同,電機機械,2371.TW
2373,震旦行,其他電子業,2373.TW
2374,佳能,光電業,2374.TW
2375,凱美,電子零組件業,2375.TW
2376,技嘉,電腦及週邊設備業,2376.TW
2377,微星,電腦及週邊設備業,2377.TW
2379,瑞昱,半導體業,2379.TW
2380,虹光,電腦及週邊設備業,2380.TW
2382,廣達,電腦及週邊設備業,2382.TW
2383,台光電,電子零組件業,2383.TW
2385,群光,電子零組件業,2385.TW
2387,精元,電腦及週邊設備業,2387.TW
2388,威盛,半導體業,2388.TW
2390,云辰,其他電子業,2390.TW
2392,正崴,電子零組件業,2392.TW
2393,億光,光電業,2393.TW
2395,研華,電腦及週邊設備業,2395.TW
2397,友通,電腦及週邊設備業,2397.TW
2399,映泰,電腦及週邊設備業,2399.TW
2401,凌陽,半導體業,2401.TW
2402,毅嘉,電子零組件業,2402.TW
2404,漢唐,其他電子業,2404.TW
2405,輔信,電腦及週邊設備業,2405.TW
2406,國碩,光電業,2406.TW
2408,南亞科,半導體業,2408.TW
2409,友達,光電業,2409.TW
2412,中華電,通信網路業,2412.TW
2413,環科,電子零組件業,2413.TW
2414,精技,電子通路業,2414.TW
2415,錩新,電子零組件業,2415.TW
2417,圓剛,電腦及週邊設備業,2417.TW
2419,仲琦,通信網路業,2419.TW
2420,新巨,電子零組件業,2420.TW
2421,建準,電子零組件業,2421.TW
2423,固緯,其他電子業,2423.TW
2424,隴華,通信網路業,2424.TW
2425,承啟,電腦及週邊設備業,2425.TW
2426,鼎元,光電業,2426.TW
2427,三商電,資訊服務業,2427.TW
2428,興勤,電子零組件業,2428.TW
2429,銘旺科,光電業,2429.TW
2430,燦坤,電子通路業,2430.TW
2431,聯昌,電子零組件業,2431.TW
2433,互盛電,其他電子業,2433.TW
2434,統懋,半導體業,2434.TW
2436,偉詮電,半導體業,2436.TW
2438,翔耀,光電業,2438.TW
2439,美律,通信網路業,2439.TW
2440,太空梭,電子零組件業,2440.TW
2441,超豐,半導體業,2441.TW
2442,新美齊,建材營造業,2442.TW
2444,兆勁,通信網路業,2444.TW
2449,京元電子,半導體業,2449.TW
2450,神腦,通信網路業,2450.TW
2451,創見,半導體業,2451.TW
2453,凌群,資訊服務業,2453.TW
2454,聯發科,半導體業,2454.TW
2455,全新,通信網路業,2455.TW
2457,飛宏,電子零組件業,2457.TW
2458,義隆,半導體業,2458.TW
2459,敦吉,其他電子業,2459.TW
2460,建通,電子零組件業,2460.TW
2461,光群雷,其他電子業,2461.TW
2462,良得電,電子零組件業,2462.TW
2464,盟立,其他電子業,2464.TW
2465,麗臺,電腦及週邊設備業,2465.TW
2466,冠西電,光電業,2466.TW
2467,志聖,電子零組件業,2467.TW
2468,華經,資訊服務業,2468.TW
2471,資通,資訊服務業,2471.TW
2472,立隆電,電子零組件業,2472.TW
2474,可成,其他電子業,2474.TW
2476,鉅祥,電子零組件業,2476.TW
2477,美隆電,其他電子業,2477.TW
2478,大毅,電子零組件業,2478.TW
2480,敦陽科,資訊服務業,2480.TW
2481,強茂,半導體業,2481.TW
2482,連宇,其他電子業,2482.TW
2483,百容,電子零組件業,2483.TW
2484,希華,電子零組件業,2484.TW
2485,兆赫,通信網路業,2485.TW
2486,一詮,光電業,2486.TW
2488,漢平,其他電子業,2488.TW
2489,瑞軒,光電業,2489.TW
2491,吉祥全,光電業,2491.TW
2492,華新科,電子零組件業,2492.TW
2493,揚博,電子零組件業,2493.TW
2495,普安,電腦及週邊設備業,2495.TW
2496,卓越,其他業,2496.TW
2497,怡利電,汽車工業,2497.TW
2498,宏達電,通信網路業,2498.TW
2501,國建,建材營造業,2501.TW
2504,國產,建材營造業,2504.TW
2505,國揚,建材營造業,2505.TW
2506,太設,建材營造業,2506.TW
2509,全坤建,建材營造業,2509.TW
2511,太子,建材營造業,2511.TW
2514,龍邦,其他業,2514.TW
2515,中工,建材營造業,2515.TW
2516,新建,建材營造業,2516.TW
2520,冠德,建材營造業,2520.TW
2524,京城,建材營造業,2524.TW
2527,宏璟,建材營造業,2527.TW
2528,皇普,建材營造業,2528.TW
2530,華建,建材營造業,2530.TW
2534,宏盛,建材營造業,2534.TW
2535,達欣工,建材營造業,2535.TW
2536,宏普,建材營造業,2536.TW
2537,聯上發,建材營造業,2537.TW
2538,基泰,建材營造業,2538.TW
2539,櫻花建,建材營造業,2539.TW
2540,愛山林,建材營造業,2540.TW
2542,興富發,建材營造業,2542.TW
2543,皇昌,建材營造業,2543.TW
2545,皇翔,建材營造業,2545.TW
2546,根基,建材營造業,2546.TW
2547,日勝生,建材營造業,2547.TW
2548,華固,建材營造業,2548.TW
2597,潤弘,建材營造業,2597.TW
2601,益航,貿易百貨業,2601.TW
2603,長榮,航運業,2603.TW
2605,新興,航運業,2605.TW
2606,裕民,航運業,2606.TW
2607,榮運,航運業,2607.TW
2608,嘉里大榮,航運業,2608.TW
2609,陽明,航運業,2609.TW
2610,華航,航運業,2610.TW
2611,志信,航運業,2611.TW
2612,中航,航運業,2612.TW
2613,中櫃,航運業,2613.TW
2614,東森,其他業,2614.TW
2615,萬海,航運業,2615.TW
2616,山隆,油電燃氣業,2616.TW
2617,台航,航運業,2617.TW
2618,長榮航,航運業,2618.TW
2630,亞航,航運業,2630.TW
2633,台灣高鐵,航運業,2633.TW
2634,漢翔,航運業,2634.TW
2636,台驊控股,航運業,2636.TW
2637,慧洋-KY,航運業,2637.TW
2642,宅配通,航運業,2642.TW
2645,長榮航太,航運業,2645.TW
2646,星宇航空,航運業,2646.TW
2701,萬企,觀光餐旅,2701.TW
2702,華園,觀光餐旅,2702.TW
2704,國賓,觀光餐旅,2704.TW
2705,六福,觀光餐旅,2705.TW
2706,第一店,觀光餐旅,2706.TW
2707,晶華,觀光餐旅,2707.TW
2712,遠雄來,觀光餐旅,2712.TW
2722,夏都,觀光餐旅,2722.TW
2723,美食-KY,觀光餐旅,2723.TW
2727,王品,觀光餐旅,2727.TW
2731,雄獅,觀光餐旅,2731.TW
2739,寒舍,觀光餐旅,2739.TW
2748,雲品,觀光餐旅,2748.TW
2753,八方雲集,觀光餐旅,2753.TW
2762,世界健身-KY,運動休閒,2762.TW
2801,彰銀,金融保險業,2801.TW
2812,台中銀,金融保險業,2812.TW
2816,旺旺保,金融保險業,2816.TW
2820,華票,金融保險業,2820.TW
2832,台產,金融保險業,2832.TW
2834,臺企銀,金融保險業,2834.TW
2836,高雄銀,金融保險業,2836.TW
2838,聯邦銀,金融保險業,2838.TW
2845,遠東銀,金融保險業,2845.TW
2849,安泰銀,金融保險業,2849.TW
2850,新產,金融保險業,2850.TW
2851,中再保,金融保險業,2851.TW
2852,第一保,金融保險業,2852.TW
2855,統一證,金融保險業,2855.TW
2867,三商壽,金融保險業,2867.TW
2880,華南金,金融保險業,2880.TW
2881,富邦金,金融保險業,2881.TW
2882,國泰金,金融保險業,2882.TW
2883,凱基金,金融保險業,2883.TW
2884,玉山金,金融保險業,2884.TW
2885,元大金,金融保險業,2885.TW
2886,兆豐金,金融保險業,2886.TW
2887,台新新光金,金融保險業,2887.TW
2889,國票金,金融保險業,2889.TW
2890,永豐金,金融保險業,2890.TW
2891,中信金,金融保險業,2891.TW
2892,第一金,金融保險業,2892.TW
2897,王道銀行,金融保險業,2897.TW
2901,欣欣,貿易百貨業,2901.TW
2903,遠百,貿易百貨業,2903.TW
2904,匯僑,其他業,2904.TW
2905,三商,貿易百貨業,2905.TW
2906,高林,貿易百貨業,2906.TW
2908,特力,貿易百貨業,2908.TW
2910,統領,貿易百貨業,2910.TW
2911,麗嬰房,貿易百貨業,2911.TW
2912,統一超,貿易百貨業,2912.TW
2913,農林,貿易百貨業,2913.TW
2915,潤泰全,貿易百貨業,2915.TW
2923,鼎固-KY,建材營造業,2923.TW
2929,淘帝-KY,貿易百貨業,2929.TW
2939,永邑-KY,貿易百貨業,2939.TW
2945,三商家購,貿易百貨業,2945.TW
3002,歐格,電腦及週邊設備業,3002.TW
3003,健和興,電子零組件業,3003.TW
3004,豐達科,鋼鐵工業,3004.TW
3005,神基,電腦及週邊設備業,3005.TW
3006,晶豪科,半導體業,3006.TW
3008,大立光,光電業,3008.TW
3010,華立,電子通路業,3010.TW
3011,今皓,電子零組件業,3011.TW
3013,晟銘電,電腦及週邊設備業,3013.TW
3014,聯陽,半導體業,3014.TW
3015,全漢,電子零組件業,3015.TW
3016,嘉晶,半導體業,3016.TW
3017,奇鋐,電腦及週邊設備業,3017.TW
3018,隆銘綠能,其他電子業,3018.TW
3019,亞光,光電業,3019.TW
3021,鴻名,電子零組件業,3021.TW
3022,威強電,電腦及週邊設備業,3022.TW
3023,信邦,電子零組件業,3023.TW
3024,憶聲,光電業,3024.TW
3025,星通,通信網路業,3025.TW
3026,禾伸堂,電子零組件業,3026.TW
3027,盛達,通信網路業,3027.TW
3028,增你強,電子通路業,3028.TW
3029,零壹,資訊服務業,3029.TW
3030,德律,其他電子業,3030.TW
3031,佰鴻,光電業,3031.TW
3032,偉訓,電子零組件業,3032.TW
3033,威健,電子通路業,3033.TW
3034,聯詠,半導體業,3034.TW
3035,智原,半導體業,3035.TW
3036,文曄,電子通路業,3036.TW
3037,欣興,電子零組件業,3037.TW
3038,全台,光電業,3038.TW
3040,遠見,其他業,3040.TW
3041,揚智,半導體業,3041.TW
3042,晶技,電子零組件業,3042.TW
3043,科風,其他電子業,3043.TW
3044,健鼎,電子零組件業,3044.TW
3045,台灣大,通信網路業,3045.TW
3046,建��,電腦及週邊設備業,3046.TW
3047,訊舟,通信網路業,3047.TW
3048,益登,電子通路業,3048.TW
3049,精金,光電業,3049.TW
3050,鈺德,光電業,3050.TW
3051,力特,光電業,3051.TW
3052,夆典,建材營造業,3052.TW
3054,立萬利,食品工業,3054.TW
3055,蔚華科,電子通路業,3055.TW
3056,富華新,建材營造業,3056.TW
3057,喬鼎,電腦及週邊設備業,3057.TW
3058,立德,電子零組件業,3058.TW
3059,華晶科,光電業,3059.TW
3060,銘異,電腦及週邊設備業,3060.TW
3062,建漢,通信網路業,3062.TW
3090,日電貿,電子零組件業,3090.TW
3092,鴻碩,電子零組件業,3092.TW
3094,聯傑,半導體業,3094.TW
3130,一零四,數位雲端,3130.TW
3135,凌航,半導體業,3135.TW
3138,耀登,通信網路業,3138.TW
3149,正達,光電業,3149.TW
3164,景岳,生技醫療業,3164.TW
3167,大量,電機機械,3167.TW
3168,眾福科,光電業,3168.TW
3189,景碩,半導體業,3189.TW
3209,全科,電子通路業,3209.TW
3229,晟鈦,電子零組件業,3229.TW
3231,緯創,電腦及週邊設備業,3231.TW
3257,虹冠電,半導體業,3257.TW
3266,昇陽,建材營造業,3266.TW
3296,勝德,電子零組件業,3296.TW
3305,昇貿,其他電子業,3305.TW
3308,聯德,電子零組件業,3308.TW
3311,閎暉,通信網路業,3311.TW
3312,弘憶股,電子通路業,3312.TW
3321,同泰,電子零組件業,3321.TW
3338,泰碩,電子零組件業,3338.TW
3346,麗清,汽車工業,3346.TW
3356,奇偶,光電業,3356.TW
3376,新日興,電子零組件業,3376.TW
3380,明泰,通信網路業,3380.TW
3406,玉晶光,光電業,3406.TW
3413,京鼎,半導體業,3413.TW
3416,融程電,電腦及週邊設備業,3416.TW
3419,譁裕,通信網路業,3419.TW
3432,台端,電子零組件業,3432.TW
3437,榮創,光電業,3437.TW
3443,創意,半導體業,3443.TW
3447,展達,通信網路業,3447.TW
3450,聯鈞,半導體業,3450.TW
3454,晶睿,光電業,3454.TW
3481,群創,光電業,3481.TW
3494,誠研,電腦及週邊設備業,3494.TW
3501,維熹,電子零組件業,3501.TW
3504,揚明光,光電業,3504.TW
3515,華擎,電腦及週邊設備業,3515.TW
3518,柏騰,其他電子業,3518.TW
3528,安馳,電子通路業,3528.TW
3530,晶相光,半導體業,3530.TW
3532,台勝科,半導體業,3532.TW
3533,嘉澤,電子零組件業,3533.TW
3535,晶彩科,光電業,3535.TW
3543,州巧,光電業,3543.TW
3545,敦泰,半導體業,3545.TW
3550,聯穎,電子零組件業,3550.TW
3557,嘉威,居家生活,3557.TW
3563,牧德,光電業,3563.TW
3576,聯合再生,光電業,3576.TW
3583,辛耘,半導體業,3583.TW
3588,通嘉,半導體業,3588.TW
3591,艾笛森,光電業,3591.TW
3592,瑞鼎,半導體業,3592.TW
3593,力銘,電子零組件業,3593.TW
3596,智易,通信網路業,3596.TW
3605,宏致,電子零組件業,3605.TW
3607,谷崧,電子零組件業,3607.TW
3617,碩天,其他電子業,3617.TW
3622,洋華,光電業,3622.TW
3645,達邁,電子零組件業,3645.TW
3652,精聯,電腦及週邊設備業,3652.TW
3653,健策,電子零組件業,3653.TW
3661,世芯-KY,半導體業,3661.TW
3665,貿聯-KY,其他電子業,3665.TW
3669,圓展,通信網路業,3669.TW
3673,TPK-KY,光電業,3673.TW
3679,新至陞,電子零組件業,3679.TW
3686,達能,半導體業,3686.TW
3694,海華,通信網路業,3694.TW
3701,大眾控,電腦及週邊設備業,3701.TW
3702,大聯大,電子通路業,3702.TW
3703,欣陸,建材營造業,3703.TW
3704,合勤控,通信網路業,3704.TW
3705,永信,生技醫療業,3705.TW
3706,神達,電腦及週邊設備業,3706.TW
3708,上緯投控,綠能環保,3708.TW
3711,日月光投控,半導體業,3711.TW
3712,永崴投控,電腦及週邊設備業,3712.TW
3714,富采,光電業,3714.TW
3715,定穎投控,電子零組件業,3715.TW
3716,中化控股,生技醫療業,3716.TW
3717,聯嘉投控,汽車工業,3717.TW
4104,佳醫,生技醫療業,4104.TW
4106,雃博,生技醫療業,4106.TW
4108,懷特,生技醫療業,4108.TW
4119,旭富,生技醫療業,4119.TW
4133,亞諾法,生技醫療業,4133.TW
4137,麗豐-KY,生技醫療業,4137.TW
4142,國光生,生技醫療業,4142.TW
4148,全宇生技-KY,生技醫療業,4148.TW
4155,訊映,生技醫療業,4155.TW
4164,承業醫,生技醫療業,4164.TW
4190,佐登-KY,生技醫療業,4190.TW
4306,炎洲,塑膠工業,4306.TW
4414,如興,紡織纖維,4414.TW
4426,利勤,紡織纖維,4426.TW
4438,廣越,紡織纖維,4438.TW
4439,冠星-KY,紡織纖維,4439.TW
4440,宜新實業,紡織纖維,4440.TW
4441,振大環球,紡織纖維,4441.TW
4526,東台,電機機械,4526.TW
4532,瑞智,電機機械,4532.TW
4536,拓凱,運動休閒,4536.TW
4540,全球傳動,電機機械,4540.TW
4545,銘鈺,電子零組件業,4545.TW
4551,智伸科,汽車工業,4551.TW
4552,力達-KY,電機機械,4552.TW
4555,氣立,電機機械,4555.TW
4557,永新-KY,汽車工業,4557.TW
4560,強信-KY,電機機械,4560.TW
4562,穎漢,電機機械,4562.TW
4564,元翎,電機機械,4564.TW
4566,時碩工業,電機機械,4566.TW
4569,六方科-KY,汽車工業,4569.TW
4571,鈞興-KY,電機機械,4571.TW
4572,駐龍,電機機械,4572.TW
4576,大銀微系統,電機機械,4576.TW
4581,光隆精密-KY,汽車工業,4581.TW
4583,台灣精銳,電機機械,4583.TW
4585,達明,其他電子業,4585.TW
4588,玖鼎電力,其他電子業,4588.TW
4720,德淵,化學工業,4720.TW
4722,國精化,化學工業,4722.TW
4736,泰博,生技醫療業,4736.TW
4737,華廣,生技醫療業,4737.TW
4739,康普,化學工業,4739.TW
4746,台耀,生技醫療業,4746.TW
4755,三福化,化學工業,4755.TW
4763,材料*-KY,化學工業,4763.TW
4764,雙鍵,化學工業,4764.TW
4766,南寶,化學工業,4766.TW
4770,上品,化學工業,4770.TW
4771,望隼,生技醫療業,4771.TW
4807,日成-KY,貿易百貨業,4807.TW
4904,遠傳,通信網路業,4904.TW
4906,正文,通信網路業,4906.TW
4912,聯德控股-KY,電子零組件業,4912.TW
4915,致伸,電子零組件業,4915.TW
4916,事欣科,電腦及週邊設備業,4916.TW
4919,新唐,半導體業,4919.TW
4927,泰鼎-KY,電子零組件業,4927.TW
4930,燦星網,電器電纜,4930.TW
4934,太極,光電業,4934.TW
4935,茂林-KY,光電業,4935.TW
4938,和碩,電腦及週邊設備業,4938.TW
4942,嘉彰,光電業,4942.TW
4943,康控-KY,電子零組件業,4943.TW
4949,有成精密,光電業,4949.TW
4952,凌通,半導體業,4952.TW
4956,光鋐,光電業,4956.TW
4958,臻鼎-KY,電子零組件業,4958.TW
4960,誠美材,光電業,4960.TW
4961,天鈺,半導體業,4961.TW
4967,十銓,半導體業,4967.TW
4968,立積,半導體業,4968.TW
4976,佳凌,光電業,4976.TW
4977,眾達-KY,通信網路業,4977.TW
4989,榮科,電子零組件業,4989.TW
4994,傳奇,資訊服務業,4994.TW
4999,鑫禾,電子零組件業,4999.TW
5007,三星,鋼鐵工業,5007.TW
5203,訊連,資訊服務業,5203.TW
5215,科嘉-KY,電腦及週邊設備業,5215.TW
5222,全訊,半導體業,5222.TW
5225,東科-KY,其他電子業,5225.TW
5234,達興材料,光電業,5234.TW
5243,乙盛-KY,光電業,5243.TW
5244,弘凱,光電業,5244.TW
5258,虹堡,電腦及週邊設備業,5258.TW
5269,祥碩,半導體業,5269.TW
5283,禾聯碩,電器電纜,5283.TW
5284,jpp-KY,其他業,5284.TW
5285,界霖,半導體業,5285.TW
5288,豐祥-KY,電機機械,5288.TW
5292,華懋,綠能環保,5292.TW
5306,桂盟,運動休閒,5306.TW
5388,中磊,通信網路業,5388.TW
5434,崇越,電子通路業,5434.TW
5469,瀚宇博,電子零組件業,5469.TW
5471,松翰,半導體業,5471.TW
5484,慧友,光電業,5484.TW
5515,建國,建材營造業,5515.TW
5519,隆大,建材營造業,5519.TW
5521,工信,建材營造業,5521.TW
5522,遠雄,建材營造業,5522.TW
5525,順天,建材營造業,5525.TW
5531,鄉林,建材營造業,5531.TW
5533,皇鼎,建材營造業,5533.TW
5534,長虹,建材營造業,5534.TW
5538,東明-KY,鋼鐵工業,5538.TW
5546,永固-KY,建材營造業,5546.TW
5607,遠雄港,航運業,5607.TW
5608,四維航,航運業,5608.TW
5706,鳳凰,觀光餐旅,5706.TW
5871,中租-KY,其他業,5871.TW
5876,上海商銀,金融保險業,5876.TW
5880,合庫金,金融保險業,5880.TW
5906,台南-KY,貿易百貨業,5906.TW
5907,大洋-KY,貿易百貨業,5907.TW
6005,群益證,金融保險業,6005.TW
6024,群益期,金融保險業,6024.TW
6108,競國,電子零組件業,6108.TW
6112,邁達特,資訊服務業,6112.TW
6115,鎰勝,電子零組件業,6115.TW
6116,彩晶,光電業,6116.TW
6117,迎廣,電腦及週邊設備業,6117.TW
6120,達運,光電業,6120.TW
6128,上福,電腦及週邊設備業,6128.TW
6133,金橋,電子零組件業,6133.TW
6136,富爾特,通信網路業,6136.TW
6139,亞翔,其他電子業,6139.TW
6141,柏承,電子零組件業,6141.TW
6142,友勁,通信網路業,6142.TW
6152,百一,通信網路業,6152.TW
6153,嘉聯益,電子零組件業,6153.TW
6155,鈞寶,電子零組件業,6155.TW
6164,華興,光電業,6164.TW
6165,浪凡,數位雲端,6165.TW
6166,凌華,電腦及週邊設備業,6166.TW
6168,宏齊,光電業,6168.TW
6176,瑞儀,光電業,6176.TW
6177,達麗,建材營造業,6177.TW
6183,關貿,資訊服務業,6183.TW
6184,大豐電,其他業,6184.TW
6189,豐藝,電子通路業,6189.TW
6191,精成科,電子零組件業,6191.TW
6192,巨路,其他電子業,6192.TW
6196,帆宣,其他電子業,6196.TW
6197,佳必琪,電子零組件業,6197.TW
6201,亞弘電,其他電子業,6201.TW
6202,盛群,半導體業,6202.TW
6205,詮欣,電子零組件業,6205.TW
6206,飛捷,電腦及週邊設備業,6206.TW
6209,今國光,光電業,6209.TW
6213,聯茂,電子零組件業,6213.TW
6214,精誠,資訊服務業,6214.TW
6215,和椿,其他電子業,6215.TW
6216,居易,通信網路業,6216.TW
6224,聚鼎,電子零組件業,6224.TW
6225,天瀚,光電業,6225.TW
6226,光鼎,光電業,6226.TW
6230,尼得科超眾,電腦及週邊設備業,6230.TW
6235,華孚,電腦及週邊設備業,6235.TW
6239,力成,半導體業,6239.TW
6243,迅杰,半導體業,6243.TW
6257,矽格,半導體業,6257.TW
6269,台郡,電子零組件業,6269.TW
6271,同欣電,半導體業,6271.TW
6272,驊陞,電子零組件業,6272.TW
6277,宏正,電腦及週邊設備業,6277.TW
6278,台表科,光電業,6278.TW
6281,全國電,電子通路業,6281.TW
6282,康舒,電子零組件業,6282.TW
6283,淳安,其他電子業,6283.TW
6285,啟��,通信網路業,6285.TW
6405,悅城,光電業,6405.TW
6409,旭隼,其他電子業,6409.TW
6412,群電,電子零組件業,6412.TW
6414,樺漢,電腦及週邊設備業,6414.TW
6415,矽力*-KY,半導體業,6415.TW
6416,瑞祺電通,通信網路業,6416.TW
6426,統新,通信網路業,6426.TW
6431,光麗-KY,生技醫療業,6431.TW
6438,迅得,其他電子業,6438.TW
6442,光聖,通信網路業,6442.TW
6443,元晶,光電業,6443.TW
6446,藥華藥,生技醫療業,6446.TW
6449,鈺邦,電子零組件業,6449.TW
6451,訊芯-KY,半導體業,6451.TW
6456,GIS-KY,光電業,6456.TW
6464,台數科,其他業,6464.TW
6472,保瑞,生技醫療業,6472.TW
6477,安集,光電業,6477.TW
6491,晶碩,生技醫療業,6491.TW
6504,南六,其他業,6504.TW
6505,台塑化,油電燃氣業,6505.TW
6515,穎崴,半導體業,6515.TW
6525,捷敏-KY,半導體業,6525.TW
6526,達發,半導體業,6526.TW
6531,愛普*,半導體業,6531.TW
6533,晶心科,半導體業,6533.TW
6541,泰福-KY,生技醫療業,6541.TW
6550,北極星藥業-KY,生技醫療業,6550.TW
6552,易華電,半導體業,6552.TW
6558,興能高,其他電子業,6558.TW
6573,虹揚-KY,半導體業,6573.TW
6579,研揚,電腦及週邊設備業,6579.TW
6581,鋼聯,綠能環保,6581.TW
6582,申豐,橡膠工業,6582.TW
6585,鼎基,其他業,6585.TW
6589,台康生技,生技醫療業,6589.TW
6591,動力-KY,電腦及週邊設備業,6591.TW
6592,和潤企業,其他業,6592.TW
6598,ABC-KY,生技醫療業,6598.TW
6605,帝寶,汽車工業,6605.TW
6606,建德工業,電機機械,6606.TW
6614,資拓宏宇,數位雲端,6614.TW
6625,必應,其他業,6625.TW
6641,基士德-KY,綠能環保,6641.TW
6655,科定,其他業,6655.TW
6657,華安,生技醫療業,6657.TW
6658,聯策,其他電子業,6658.TW
6666,羅麗芬-KY,生技醫療業,6666.TW
6668,中揚光,光電業,6668.TW
6669,緯穎,電腦及週邊設備業,6669.TW
6670,復盛應用,運動休閒,6670.TW
6671,三能-KY,居家生活,6671.TW
6672,騰輝電子-KY,電子零組件業,6672.TW
6674,鋐寶科技,通信網路業,6674.TW
6689,伊雲谷,數位雲端,6689.TW
6691,洋基工程,其他電子業,6691.TW
6695,芯鼎,半導體業,6695.TW
6698,旭暉應材,其他電子業,6698.TW
6706,惠特,光電業,6706.TW
6715,嘉基,電子零組件業,6715.TW
6719,力智,半導體業,6719.TW
6722,輝創,其他電子業,6722.TW
6742,澤米,光電業,6742.TW
6743,安普新,其他電子業,6743.TW
6753,龍德造船,航運業,6753.TW
6754,匯僑設計,居家生活,6754.TW
6756,威鋒電子,半導體業,6756.TW
6757,台灣虎航,航運業,6757.TW
6768,志強-KY,運動休閒,6768.TW
6770,力積電,半導體業,6770.TW
6776,展�眥篕�,電子通路業,6776.TW
6781,AES-KY,電子零組件業,6781.TW
6782,視陽,生技醫療業,6782.TW
6789,采鈺,半導體業,6789.TW
6790,永豐實,造紙工業,6790.TW
6792,詠業,通信網路業,6792.TW
6794,向榮生技,生技醫療業,6794.TW
6796,晉弘,生技醫療業,6796.TW
6799,來頡,半導體業,6799.TW
6805,富世達,電子零組件業,6805.TW
6806,森崴能源,綠能環保,6806.TW
6807,峰源-KY,居家生活,6807.TW
6830,汎銓,其他電子業,6830.TW
6831,邁科,電腦及週邊設備業,6831.TW
6834,天二科技,電子零組件業,6834.TW
6835,圓裕,電子零組件業,6835.TW
6838,台新藥,生技醫療業,6838.TW
6861,睿生光電,生技醫療業,6861.TW
6862,三集瑞-KY,電子零組件業,6862.TW
6863,永道-KY,通信網路業,6863.TW
6869,雲豹能源,綠能環保,6869.TW
6873,泓德能源,綠能環保,6873.TW
6885,全福生技,生技醫療業,6885.TW
6887,寶綠特-KY,綠能環保,6887.TW
6890,來億-KY,運動休閒,6890.TW
6901,鑽石投資,其他業,6901.TW
6902,GOGOLOOK,數位雲端,6902.TW
6906,現觀科,數位雲端,6906.TW
6909,創控,半導體業,6909.TW
6914,阜爾運通,其他業,6914.TW
6916,華凌,光電業,6916.TW
6918,愛派司,生技醫療業,6918.TW
6919,康霈*,生技醫療業,6919.TW
6923,中台,綠能環保,6923.TW
6928,攸泰科技,電腦及週邊設備業,6928.TW
6931,青松健康,生技醫療業,6931.TW
6933,AMAX-KY,電腦及週邊設備業,6933.TW
6934,心誠鎂,生技醫療業,6934.TW
6936,永鴻生技,生技醫療業,6936.TW
6937,天虹,半導體業,6937.TW
6944,兆聯實業,綠能環保,6944.TW
6952,大武山,其他業,6952.TW
6957,裕慶-KY,其他業,6957.TW
6958,日盛台駿,其他業,6958.TW
6962,奕力-KY,半導體業,6962.TW
6965,中傑-KY,運動休閒,6965.TW
6994,富威電力,綠能環保,6994.TW
7705,三商餐飲,觀光餐旅,7705.TW
7711,永擎,電腦及週邊設備業,7711.TW
7721,微程式,數位雲端,7721.TW
7722,LINEPAY,數位雲端,7722.TW
7732,金興精密,汽車工業,7732.TW
7736,虎山,汽車工業,7736.TW
7749,意騰-KY,半導體業,7749.TW
7750,新代,電機機械,7750.TW
7765,中華資安,數位雲端,7765.TW
7769,鴻勁,半導體業,7769.TW
7780,大研生醫*,食品工業,7780.TW
7786,東方風能,綠能環保,7786.TW
7788,松川精密,電子零組件業,7788.TW
7791,皇家可口,食品工業,7791.TW
7795,長廣,電子零組件業,7795.TW
7799,禾榮科,生技醫療業,7799.TW
8011,台通,通信網路業,8011.TW
8016,矽創,半導體業,8016.TW
8021,尖點,其他電子業,8021.TW
8028,昇陽半導體,半導體業,8028.TW
8033,雷虎,其他業,8033.TW
8039,台虹,電子零組件業,8039.TW
8045,達運光電,通信網路業,8045.TW
8046,南電,電子零組件業,8046.TW
8070,長華*,電子通路業,8070.TW
8072,陞泰,電子通路業,8072.TW
8081,致新,半導體業,8081.TW
8101,華冠,通信網路業,8101.TW
8103,瀚荃,電子零組件業,8103.TW
8104,錸寶,光電業,8104.TW
8105,凌巨,光電業,8105.TW
8110,華東,半導體業,8110.TW
8112,至上,電子通路業,8112.TW
8114,振樺電,電腦及週邊設備業,8114.TW
8131,福懋科,半導體業,8131.TW
8150,南茂,半導體業,8150.TW
8163,達方,電腦及週邊設備業,8163.TW
8201,無敵,其他電子業,8201.TW
8210,勤誠,電腦及週邊設備業,8210.TW
8213,志超,電子零組件業,8213.TW
8215,明基材,光電業,8215.TW
8222,寶一,電機機械,8222.TW
8249,菱光,電子零組件業,8249.TW
8261,富鼎,半導體業,8261.TW
8271,宇瞻,半導體業,8271.TW
8341,日友,綠能環保,8341.TW
8367,建新國際,航運業,8367.TW
8374,羅昇,電機機械,8374.TW
8404,百和興業-KY,其他業,8404.TW
8411,福貞-KY,其他業,8411.TW
8422,可寧衛*,綠能環保,8422.TW
8429,金麗-KY,貿易百貨業,8429.TW
8438,昶昕,綠能環保,8438.TW
8442,威宏-KY,其他業,8442.TW
8443,阿瘦,貿易百貨業,8443.TW
8454,富邦媒,數位雲端,8454.TW
8462,柏文,運動休閒,8462.TW
8463,潤泰材,其他業,8463.TW
8464,億豐,居家生活,8464.TW
8466,美吉吉-KY,其他業,8466.TW
8467,波力-KY,運動休閒,8467.TW
8473,山林水,綠能環保,8473.TW
8476,台境*,綠能環保,8476.TW
8478,東哥遊艇,運動休閒,8478.TW
8481,政伸,其他業,8481.TW
8482,商億-KY,居家生活,8482.TW
8488,吉源-KY,其他業,8488.TW
8499,鼎炫-KY,其他電子業,8499.TW
8926,台汽電,油電燃氣業,8926.TW
8940,新天地,觀光餐旅,8940.TW
8996,高力,電機機械,8996.TW
9802,鈺齊-KY,運動休閒,9802.TW
9902,台火,其他業,9902.TW
9904,寶成,運動休閒,9904.TW
9905,大華,其他業,9905.TW
9906,欣巴巴,建材營造業,9906.TW
9907,統一實,其他業,9907.TW
9908,大台北,油電燃氣業,9908.TW
9910,豐泰,運動休閒,9910.TW
9911,櫻花,居家生活,9911.TW
9912,偉聯,電腦及週邊設備業,9912.TW
9914,美利達,運動休閒,9914.TW
9917,中保科,其他業,9917.TW
9918,欣天然,油電燃氣業,9918.TW
9919,康那香,其他業,9919.TW
9921,巨大,運動休閒,9921.TW
9924,福興,居家生活,9924.TW
9925,新保,其他業,9925.TW
9926,新海,油電燃氣業,9926.TW
9927,泰銘,其他業,9927.TW
9928,中視,其他業,9928.TW
9929,秋雨,其他業,9929.TW
9930,中聯資源,綠能環保,9930.TW
9931,欣高,油電燃氣業,9931.TW
9933,中鼎,其他業,9933.TW
9934,成霖,居家生活,9934.TW
9935,慶豐富,居家生活,9935.TW
9937,全國,油電燃氣業,9937.TW
9938,百和,其他業,9938.TW
9939,宏全,其他業,9939.TW
9940,信義,其他業,9940.TW
9941,裕融,其他業,9941.TW
9942,茂順,其他業,9942.TW
9943,好樂迪,觀光餐旅,9943.TW
9944,新麗,其他業,9944.TW
9945,潤泰新,其他業,9945.TW
9946,三發地產,建材營造業,9946.TW
9955,佳龍,綠能環保,9955.TW
9958,世紀鋼,鋼鐵工業,9958.TW
2254,巨鎧精密-創,汽車工業,2254.TW
2258,鴻華先進-創,汽車工業,2258.TW
2432,倚天酷��-創,電腦及週邊設備業,2432.TW
3150,鈺寶-創,半導體業,3150.TW
4590,富田-創,電機機械,4590.TW
6534,正瀚-創,生技醫療業,6534.TW
6645,金萬林-創,生技醫療業,6645.TW
6771,平和環保-創,綠能環保,6771.TW
6854,錼創科技-KY創,半導體業,6854.TW
6921,嘉雨思-創,半導體業,6921.TW
6924,榮惠-KY創,電子零組件業,6924.TW
6949,沛爾生醫-創,生技醫療業,6949.TW
6951,青新-創,綠能環保,6951.TW
6955,邦睿生技-創,生技醫療業,6955.TW
6969,成信實業*-創,綠能環保,6969.TW
6988,威力暘-創,汽車工業,6988.TW
7610,聯友金屬-創,綠能環保,7610.TW
7631,聚賢研發-創,其他電子業,7631.TW
7730,暉盛-創,半導體業,7730.TW
7740,熙特爾-創,綠能環保,7740.TW
7823,奧義賽博-KY創,數位雲端,7823.TW
8162,微矽電子-創,半導體業,8162.TW
8487,愛爾達-創,數位雲端,8487.TW
1240,茂生農經,農業科技業,1240.TWO
1259,安心,觀光餐旅,1259.TWO
1264,德麥,食品工業,1264.TWO
1268,漢來美食,觀光餐旅,1268.TWO
1294,漢田生技,食品工業,1294.TWO
1295,生合,食品工業,1295.TWO
1336,台翰,電子零組件業,1336.TWO
1565,精華,生技醫療業,1565.TWO
1569,濱川,電腦及週邊設備業,1569.TWO
1570,力肯,電機機械,1570.TWO
1580,新麥,電機機械,1580.TWO
1584,精剛,其他業,1584.TWO
1586,和勤,電機機械,1586.TWO
1591,駿吉-KY,電機機械,1591.TWO
1593,祺驊,運動休閒,1593.TWO
1595,川寶,電子零組件業,1595.TWO
1599,宏佳騰,電機機械,1599.TWO
1742,台蠟,化學工業,1742.TWO
1777,生泰,生技醫療業,1777.TWO
1781,合世,生技醫療業,1781.TWO
1784,訊聯,生技醫療業,1784.TWO
1785,光洋科,其他電子業,1785.TWO
1788,杏昌,生技醫療業,1788.TWO
1796,金穎生技,食品工業,1796.TWO
1799,易威,生技醫療業,1799.TWO
1813,寶利徠,生技醫療業,1813.TWO
1815,富喬,電子零組件業,1815.TWO
2035,唐榮,鋼鐵工業,2035.TWO
2061,風青,電器電纜,2061.TWO
2063,世鎧,鋼鐵工業,2063.TWO
2064,晉椿,鋼鐵工業,2064.TWO
2065,世豐,鋼鐵工業,2065.TWO
2066,世德,電機機械,2066.TWO
2067,嘉鋼,電機機械,2067.TWO
2070,精湛,電機機械,2070.TWO
2073,雄順,鋼鐵工業,2073.TWO
2221,大甲,其他業,2221.TWO
2230,泰茂,電機機械,2230.TWO
2235,謚源,電機機械,2235.TWO
2596,綠意,建材營造業,2596.TWO
2640,大車隊,數位雲端,2640.TWO
2641,正德,航運業,2641.TWO
2643,捷迅,航運業,2643.TWO
2718,全心投控,建材營造業,2718.TWO
2719,燦星旅,觀光餐旅,2719.TWO
2724,藝舍-KY,其他業,2724.TWO
2726,雅茗-KY,觀光餐旅,2726.TWO
2729,瓦城,觀光餐旅,2729.TWO
2732,六角,觀光餐旅,2732.TWO
2734,易飛網,觀光餐旅,2734.TWO
2736,富野,觀光餐旅,2736.TWO
2740,天蔥,觀光餐旅,2740.TWO
2743,山富,觀光餐旅,2743.TWO
2745,五福,觀光餐旅,2745.TWO
2751,王座,觀光餐旅,2751.TWO
2752,豆府,觀光餐旅,2752.TWO
2754,亞洲藏壽司,觀光餐旅,2754.TWO
2755,揚秦,觀光餐旅,2755.TWO
2756,聯發國際,觀光餐旅,2756.TWO
2916,滿心,居家生活,2916.TWO
2924,宏太-KY,居家生活,2924.TWO
2926,誠品生活,文化創意業,2926.TWO
2937,集雅社,居家生活,2937.TWO
2941,米斯特,居家生活,2941.TWO
2947,振宇五金,居家生活,2947.TWO
2948,寶陞,居家生活,2948.TWO
2949,欣新網,數位雲端,2949.TWO
3064,泰偉,文化創意業,3064.TWO
3066,李洲,光電業,3066.TWO
3067,全域,其他電子業,3067.TWO
3071,協禧,電腦及週邊設備業,3071.TWO
3073,天方能源,綠能環保,3073.TWO
3078,僑威,電子零組件業,3078.TWO
3081,聯亞,通信網路業,3081.TWO
3083,網龍,文化創意業,3083.TWO
3085,新零售,數位雲端,3085.TWO
3086,華義,文化創意業,3086.TWO
3088,艾訊,電腦及週邊設備業,3088.TWO
3093,港建*,其他電子業,3093.TWO
3095,及成,通信網路業,3095.TWO
3105,穩懋,半導體業,3105.TWO
3114,好德,電子零組件業,3114.TWO
3115,富榮綱,電子零組件業,3115.TWO
3118,進階,生技醫療業,3118.TWO
3122,笙泉,半導體業,3122.TWO
3128,昇銳,光電業,3128.TWO
3131,弘塑,其他電子業,3131.TWO
3141,晶宏,半導體業,3141.TWO
3147,大綜,資訊服務業,3147.TWO
3152,璟德,通信網路業,3152.TWO
3158,嘉實,資訊服務業,3158.TWO
3162,精確,電機機械,3162.TWO
3163,波若威,通信網路業,3163.TWO
3169,亞信,半導體業,3169.TWO
3171,炎洲流通,居家生活,3171.TWO
3176,基亞,生技醫療業,3176.TWO
3178,公準,半導體業,3178.TWO
3188,鑫龍騰,建材營造業,3188.TWO
3191,雲嘉南,電子零組件業,3191.TWO
3205,佰研,生技醫療業,3205.TWO
3206,志豐,電子零組件業,3206.TWO
3207,耀勝,電子零組件業,3207.TWO
3211,順達,電腦及週邊設備業,3211.TWO
3213,茂訊,電腦及週邊設備業,3213.TWO
3217,優群,電子零組件業,3217.TWO
3218,大學光,生技醫療業,3218.TWO
3219,倚強科,其他電子業,3219.TWO
3221,台嘉碩,通信網路業,3221.TWO
3224,三顧,電子通路業,3224.TWO
3226,龍鋒,電機機械,3226.TWO
3227,原相,半導體業,3227.TWO
3228,金麗科,半導體業,3228.TWO
3230,錦明,光電業,3230.TWO
3232,昱捷,電子通路業,3232.TWO
3234,光環,通信網路業,3234.TWO
3236,千如,電子零組件業,3236.TWO
3252,海灣,觀光餐旅,3252.TWO
3259,鑫創,半導體業,3259.TWO
3260,威剛,半導體業,3260.TWO
3264,欣銓,半導體業,3264.TWO
3265,台星科,半導體業,3265.TWO
3268,海德威,半導體業,3268.TWO
3272,東碩,電腦及週邊設備業,3272.TWO
3276,宇環,電子零組件業,3276.TWO
3284,太普高,其他業,3284.TWO
3285,微端,其他電子業,3285.TWO
3287,廣寰科,電腦及週邊設備業,3287.TWO
3288,點晶,電子零組件業,3288.TWO
3289,宜特,其他電子業,3289.TWO
3290,東浦,電子零組件業,3290.TWO
3293,鈊象,文化創意業,3293.TWO
3294,英濟,電子零組件業,3294.TWO
3297,杭特,光電業,3297.TWO
3303,岱稜,其他電子業,3303.TWO
3306,鼎天,通信網路業,3306.TWO
3310,佳穎,電子零組件業,3310.TWO
3313,斐成,其他業,3313.TWO
3317,尼克森,半導體業,3317.TWO
3322,建舜電,電子零組件業,3322.TWO
3323,加百裕,電腦及週邊設備業,3323.TWO
3324,雙鴻,其他電子業,3324.TWO
3325,旭品,電腦及週邊設備業,3325.TWO
3332,幸康,電子零組件業,3332.TWO
3339,泰谷,光電業,3339.TWO
3349,寶德,電腦及週邊設備業,3349.TWO
3354,律勝,電子零組件業,3354.TWO
3357,臺慶科,電子零組件業,3357.TWO
3360,尚立,電子通路業,3360.TWO
3362,先進光,光電業,3362.TWO
3363,上詮,通信網路業,3363.TWO
3372,典範,半導體業,3372.TWO
3373,熱映,其他電子業,3373.TWO
3374,精材,半導體業,3374.TWO
3379,彬台,電機機械,3379.TWO
3388,崇越電,電子零組件業,3388.TWO
3390,旭軟,電子零組件業,3390.TWO
3402,漢科,其他電子業,3402.TWO
3426,台興,電機機械,3426.TWO
3430,奇鈦科,化學工業,3430.TWO
3434,哲固,光電業,3434.TWO
3438,類比科,半導體業,3438.TWO
3441,聯一光,光電業,3441.TWO
3444,利機,電子通路業,3444.TWO
3455,由田,光電業,3455.TWO
3465,進泰電子,其他電子業,3465.TWO
3466,德晉,通信網路業,3466.TWO
3467,台灣精材,半導體業,3467.TWO
3479,安勤,電腦及週邊設備業,3479.TWO
3483,力致,電腦及週邊設備業,3483.TWO
3484,崧騰,電子零組件業,3484.TWO
3489,森寶,建材營造業,3489.TWO
3490,單井,光電業,3490.TWO
3491,昇達科,通信網路業,3491.TWO
3492,長盛,電子零組件業,3492.TWO
3498,陽程,其他電子業,3498.TWO
3499,環天科,通信網路業,3499.TWO
3508,位速,其他電子業,3508.TWO
3511,矽瑪,電子零組件業,3511.TWO
3512,皇龍,建材營造業,3512.TWO
3516,亞帝歐,光電業,3516.TWO
3520,華盈,電子零組件業,3520.TWO
3521,台鋼建設,建材營造業,3521.TWO
3522,御嵿,觀光餐旅,3522.TWO
3523,迎輝,光電業,3523.TWO
3526,凡甲,電子零組件業,3526.TWO
3527,聚積,半導體業,3527.TWO
3529,力旺,半導體業,3529.TWO
3531,先益,光電業,3531.TWO
3537,堡達,電子零組件業,3537.TWO
3540,曜越,電腦及週邊設備業,3540.TWO
3541,西柏,其他電子業,3541.TWO
3546,宇峻,文化創意業,3546.TWO
3548,兆利,電子零組件業,3548.TWO
3551,世禾,綠能環保,3551.TWO
3552,同致,其他電子業,3552.TWO
3555,博士旺,半導體業,3555.TWO
3556,禾瑞亞,半導體業,3556.TWO
3558,神準,通信網路業,3558.TWO
3564,其陽,通信網路業,3564.TWO
3567,逸昌,半導體業,3567.TWO
3570,大塚,資訊服務業,3570.TWO
3577,泓格,電腦及週邊設備業,3577.TWO
3580,友威科,其他電子業,3580.TWO
3581,博磊,半導體業,3581.TWO
3587,閎康,其他電子業,3587.TWO
3594,磐儀,電腦及週邊設備業,3594.TWO
3597,映興,電子零組件業,3597.TWO
3609,三一東林,電子零組件業,3609.TWO
3611,鼎翰,電腦及週邊設備業,3611.TWO
3615,安可,光電業,3615.TWO
3623,富晶通,光電業,3623.TWO
3624,光頡,電子零組件業,3624.TWO
3625,西勝,電腦及週邊設備業,3625.TWO
3628,盈正,其他電子業,3628.TWO
3629,地心引力,文化創意業,3629.TWO
3630,新鉅科,光電業,3630.TWO
3631,晟楠,電子零組件業,3631.TWO
3632,研勤,通信網路業,3632.TWO
3646,艾恩特,電子零組件業,3646.TWO
3663,鑫科,其他電子業,3663.TWO
3664,安瑞-KY,通信網路業,3664.TWO
3666,光耀,光電業,3666.TWO
3672,康聯訊,通信網路業,3672.TWO
3675,德微,半導體業,3675.TWO
3680,家登,半導體業,3680.TWO
3684,榮昌,通信網路業,3684.TWO
3685,元創精密,電機機械,3685.TWO
3687,歐買尬,數位雲端,3687.TWO
3689,湧德,電子零組件業,3689.TWO
3691,碩禾,光電業,3691.TWO
3693,營邦,電腦及週邊設備業,3693.TWO
3707,漢磊,半導體業,3707.TWO
3709,鑫聯大投控,電腦及週邊設備業,3709.TWO
3710,連展投控,電子零組件業,3710.TWO
3713,新晶投控,綠能環保,3713.TWO
4102,永日,生技醫療業,4102.TWO
4105,東洋,生技醫療業,4105.TWO
4107,邦特,生技醫療業,4107.TWO
4109,加捷生醫,生技醫療業,4109.TWO
4111,濟生,生技醫療業,4111.TWO
4113,聯上,建材營造業,4113.TWO
4114,健喬,生技醫療業,4114.TWO
4116,明基醫,生技醫療業,4116.TWO
4120,友華,生技醫療業,4120.TWO
4121,優盛,生技醫療業,4121.TWO
4123,晟德,生技醫療業,4123.TWO
4126,太醫,生技醫療業,4126.TWO
4127,天良,生技醫療業,4127.TWO
4128,中天,生技醫療業,4128.TWO
4129,聯合,生技醫療業,4129.TWO
4130,健亞,生技醫療業,4130.TWO
4131,浩泰,生技醫療業,4131.TWO
4138,曜亞,生技醫療業,4138.TWO
4139,馬光-KY,生技醫療業,4139.TWO
4147,中裕,生技醫療業,4147.TWO
4153,鈺緯,生技醫療業,4153.TWO
4154,樂威科-KY,其他業,4154.TWO
4157,太景*-KY,生技醫療業,4157.TWO
4160,訊聯基因,生技醫療業,4160.TWO
4161,聿新科,生技醫療業,4161.TWO
4162,智擎,生技醫療業,4162.TWO
4163,鐿鈦,生技醫療業,4163.TWO
4166,友霖,生技醫療業,4166.TWO
4167,松瑞藥,生技醫療業,4167.TWO
4168,醣聯,生技醫療業,4168.TWO
4171,瑞基,農業科技業,4171.TWO
4173,久裕,生技醫療業,4173.TWO
4174,浩鼎,生技醫療業,4174.TWO
4175,杏一,生技醫療業,4175.TWO
4183,福永生技,生技醫療業,4183.TWO
4188,安克,生技醫療業,4188.TWO
4192,杏國,生技醫療業,4192.TWO
4198,欣大健康,生技醫療業,4198.TWO
4205,中華食,食品工業,4205.TWO
4207,環泰,食品工業,4207.TWO
4303,信立,塑膠工業,4303.TWO
4304,勝昱,塑膠工業,4304.TWO
4305,世坤,塑膠工業,4305.TWO
4401,東隆興,紡織纖維,4401.TWO
4402,郡都開發,紡織纖維,4402.TWO
4406,新昕纖,紡織纖維,4406.TWO
4413,飛寶企業,紡織纖維,4413.TWO
4416,三圓,建材營造業,4416.TWO
4417,金洲,紡織纖維,4417.TWO
4419,皇家美食,觀光餐旅,4419.TWO
4420,光明,紡織纖維,4420.TWO
4430,耀億,其他業,4430.TWO
4432,銘旺實,紡織纖維,4432.TWO
4433,興采,紡織纖維,4433.TWO
4442,竣邦-KY,紡織纖維,4442.TWO
4502,健信,電機機械,4502.TWO
4503,金雨,電機機械,4503.TWO
4506,崇友,電機機械,4506.TWO
4510,高鋒,電機機械,4510.TWO
4513,福裕,電機機械,4513.TWO
4523,永彰,電機機械,4523.TWO
4527,方土霖,電機機械,4527.TWO
4528,江興鍛,電機機械,4528.TWO
4529,淳紳,其他業,4529.TWO
4530,宏易,觀光餐旅,4530.TWO
4533,協易機,電機機械,4533.TWO
4534,慶騰,電機機械,4534.TWO
4535,至興,電機機械,4535.TWO
4538,大詠城,電機機械,4538.TWO
4541,晟田,其他業,4541.TWO
4542,科嶠,電子零組件業,4542.TWO
4543,萬在,電機機械,4543.TWO
4549,桓達,電機機械,4549.TWO
4550,長佳,電機機械,4550.TWO
4554,橙的,其他電子業,4554.TWO
4556,旭然,其他業,4556.TWO
4558,寶緯,電機機械,4558.TWO
4561,健椿,電機機械,4561.TWO
4563,百德,電機機械,4563.TWO
4568,科際精密,電機機械,4568.TWO
4577,達航科技,其他電子業,4577.TWO
4580,捷流閥業,電機機械,4580.TWO
4584,君帆,電機機械,4584.TWO
4609,唐鋒,居家生活,4609.TWO
4702,中美實,居家生活,4702.TWO
4706,大恭,化學工業,4706.TWO
4707,磐亞,化學工業,4707.TWO
4711,永純,化學工業,4711.TWO
4714,永捷,化學工業,4714.TWO
4716,大立,化學工業,4716.TWO
4721,美琪瑪,化學工業,4721.TWO
4726,永昕,生技醫療業,4726.TWO
4728,雙美,生技醫療業,4728.TWO
4729,熒茂,光電業,4729.TWO
4735,豪展,生技醫療業,4735.TWO
4741,泓瀚,化學工業,4741.TWO
4743,合一,生技醫療業,4743.TWO
4744,皇將,生技醫療業,4744.TWO
4745,合富-KY,生技醫療業,4745.TWO
4747,強生,生技醫療業,4747.TWO
4749,新應材,半導體業,4749.TWO
4754,國碳科,化學工業,4754.TWO
4760,勤凱,其他電子業,4760.TWO
4767,誠泰科技,化學工業,4767.TWO
4768,晶呈科技,化學工業,4768.TWO
4772,台特化,化學工業,4772.TWO
4804,大略-KY,觀光餐旅,4804.TWO
4806,桂田文創,文化創意業,4806.TWO
4903,聯光通,通信網路業,4903.TWO
4905,台聯電,通信網路業,4905.TWO
4907,富宇,建材營造業,4907.TWO
4908,前鼎,通信網路業,4908.TWO
4909,新復興,通信網路業,4909.TWO
4911,德英,生技醫療業,4911.TWO
4923,力士,半導體業,4923.TWO
4924,欣厚-KY,電腦及週邊設備業,4924.TWO
4931,新盛力,電腦及週邊設備業,4931.TWO
4933,友輝,光電業,4933.TWO
4939,亞電,電子零組件業,4939.TWO
4946,辣椒,文化創意業,4946.TWO
4950,金耘國際,鋼鐵工業,4950.TWO
4951,精拓科,半導體業,4951.TWO
4953,緯軟,資訊服務業,4953.TWO
4966,譜瑞-KY,半導體業,4966.TWO
4971,IET-KY,半導體業,4971.TWO
4972,湯石照明,光電業,4972.TWO
4973,廣穎,半導體業,4973.TWO
4974,亞泰,電子零組件業,4974.TWO
4979,華星光,通信網路業,4979.TWO
4987,科誠,電腦及週邊設備業,4987.TWO
4991,環宇-KY,半導體業,4991.TWO
4995,晶達,光電業,4995.TWO
5009,榮剛,鋼鐵工業,5009.TWO
5011,久陽,鋼鐵工業,5011.TWO
5013,強新,鋼鐵工業,5013.TWO
5014,建錩,鋼鐵工業,5014.TWO
5015,華祺,鋼鐵工業,5015.TWO
5016,松和,鋼鐵工業,5016.TWO
5201,凱衛,資訊服務業,5201.TWO
5202,力新,資訊服務業,5202.TWO
5205,中茂,綠能環保,5205.TWO
5206,坤悅,建材營造業,5206.TWO
5209,新鼎,其他業,5209.TWO
5210,寶碩,資訊服務業,5210.TWO
5211,蒙恬,資訊服務業,5211.TWO
5212,凌網,資訊服務業,5212.TWO
5213,亞昕,建材營造業,5213.TWO
5220,萬達光電,光電業,5220.TWO
5223,安力-KY,電腦及週邊設備業,5223.TWO
5227,立凱-KY,電子零組件業,5227.TWO
5228,鈺鎧,電子零組件業,5228.TWO
5230,雷笛克光學,光電業,5230.TWO
5236,凌陽創新,半導體業,5236.TWO
5245,智晶,光電業,5245.TWO
5251,天鉞電,光電業,5251.TWO
5263,智崴,文化創意業,5263.TWO
5272,笙科,半導體業,5272.TWO
5274,信驊,半導體業,5274.TWO
5276,達輝-KY,其他業,5276.TWO
5278,尚凡*,數位雲端,5278.TWO
5287,數字,數位雲端,5287.TWO
5289,宜鼎,電腦及週邊設備業,5289.TWO
5291,邑昇,電子零組件業,5291.TWO
5299,杰力,半導體業,5299.TWO
5301,寶得利,觀光餐旅,5301.TWO
5302,太欣,半導體業,5302.TWO
5309,系統電,電子零組件業,5309.TWO
5310,天剛,資訊服務業,5310.TWO
5312,寶島科,生技醫療業,5312.TWO
5314,世紀*,其他業,5314.TWO
5315,光聯,光電業,5315.TWO
5321,美而快,數位雲端,5321.TWO
5324,士開,建材營造業,5324.TWO
5328,華容,電子零組件業,5328.TWO
5340,建榮,電子零組件業,5340.TWO
5344,立衛,半導體業,5344.TWO
5345,馥鴻,其他業,5345.TWO
5347,世界,半導體業,5347.TWO
5348,正能量智能,運動休閒,5348.TWO
5351,鈺創,半導體業,5351.TWO
5353,台林,通信網路業,5353.TWO
5355,佳總,電子零組件業,5355.TWO
5356,協益,電腦及週邊設備業,5356.TWO
5364,力麗店,觀光餐旅,5364.TWO
5371,中光電,光電業,5371.TWO
5381,合正,電子零組件業,5381.TWO
5386,青雲,電腦及週邊設備業,5386.TWO
5392,能率,光電業,5392.TWO
5398,慕康生醫,其他業,5398.TWO
5403,中菲,資訊服務業,5403.TWO
5410,國眾,資訊服務業,5410.TWO
5425,台半,半導體業,5425.TWO
5426,振發,電腦及週邊設備業,5426.TWO
5432,新門,綠能環保,5432.TWO
5438,東友,電腦及週邊設備業,5438.TWO
5439,高技,電子零組件業,5439.TWO
5443,均豪,半導體業,5443.TWO
5450,南良,其他業,5450.TWO
5452,佶優,其他電子業,5452.TWO
5455,昇益,建材營造業,5455.TWO
5457,宣德,電子零組件業,5457.TWO
5460,同協,電子零組件業,5460.TWO
5464,霖宏,電子零組件業,5464.TWO
5465,富驊,電腦及週邊設備業,5465.TWO
5468,凱鈺,半導體業,5468.TWO
5474,聰泰,電腦及週邊設備業,5474.TWO
5475,德宏,電子零組件業,5475.TWO
5478,智冠,文化創意業,5478.TWO
5481,新華,其他業,5481.TWO
5483,中美晶,半導體業,5483.TWO
5487,通泰,半導體業,5487.TWO
5488,松普,電子零組件業,5488.TWO
5489,彩富,其他電子業,5489.TWO
5490,同亨,電腦及週邊設備業,5490.TWO
5493,三聯,其他電子業,5493.TWO
5498,凱崴,電子零組件業,5498.TWO
5508,永信建,建材營造業,5508.TWO
5511,德昌,建材營造業,5511.TWO
5512,力麒,建材營造業,5512.TWO
5514,三豐,建材營造業,5514.TWO
5516,雙喜,建材營造業,5516.TWO
5520,力泰,建材營造業,5520.TWO
5523,豐謙,建材營造業,5523.TWO
5529,鉅陞,建材營造業,5529.TWO
5530,龍巖,其他業,5530.TWO
5536,聖暉*,其他電子業,5536.TWO
5543,桓鼎-KY,建材營造業,5543.TWO
5547,久舜,建材營造業,5547.TWO
5548,安倉,建材營造業,5548.TWO
5601,台聯櫃,航運業,5601.TWO
5603,陸海,航運業,5603.TWO
5604,中連,其他業,5604.TWO
5609,中菲行,航運業,5609.TWO
5701,劍湖山,觀光餐旅,5701.TWO
5703,亞都,觀光餐旅,5703.TWO
5704,老爺知,觀光餐旅,5704.TWO
5864,致和證,金融保險業,5864.TWO
5878,台名,金融保險業,5878.TWO
5902,德記,居家生活,5902.TWO
5903,全家,居家生活,5903.TWO
5904,寶雅,居家生活,5904.TWO
5905,南仁湖,觀光餐旅,5905.TWO
6015,宏遠證,金融保險業,6015.TWO
6016,康和證,金融保險業,6016.TWO
6020,大展證,金融保險業,6020.TWO
6021,美好證,金融保險業,6021.TWO
6023,元大期,金融保險業,6023.TWO
6026,福邦證,金融保險業,6026.TWO
6101,寬魚國際,文化創意業,6101.TWO
6103,合邦,半導體業,6103.TWO
6104,創惟,半導體業,6104.TWO
6109,亞元,通信網路業,6109.TWO
6111,大宇資,文化創意業,6111.TWO
6113,亞矽,電子通路業,6113.TWO
6114,久威,電子零組件業,6114.TWO
6118,建達,電子通路業,6118.TWO
6121,新普,電腦及週邊設備業,6121.TWO
6122,擎邦,電機機械,6122.TWO
6123,上奇,資訊服務業,6123.TWO
6124,業強,電子零組件業,6124.TWO
6125,廣運,光電業,6125.TWO
6126,信音,電子零組件業,6126.TWO
6127,九豪,電子零組件業,6127.TWO
6129,普誠,半導體業,6129.TWO
6130,上亞科技,生技醫療業,6130.TWO
6134,萬旭,電子零組件業,6134.TWO
6138,茂達,半導體業,6138.TWO
6140,訊達,資訊服務業,6140.TWO
6143,振曜,通信網路業,6143.TWO
6144,得利影,文化創意業,6144.TWO
6146,耕興,其他電子業,6146.TWO
6147,頎邦,半導體業,6147.TWO
6148,驊宏資,資訊服務業,6148.TWO
6150,撼訊,電腦及週邊設備業,6150.TWO
6151,晉倫,其他電子業,6151.TWO
6154,順發,電子通路業,6154.TWO
6156,松上,電子零組件業,6156.TWO
6158,禾昌,電子零組件業,6158.TWO
6160,欣技,電腦及週邊設備業,6160.TWO
6161,捷波,電腦及週邊設備業,6161.TWO
6163,華電網,通信網路業,6163.TWO
6167,久正,光電業,6167.TWO
6169,昱泉,文化創意業,6169.TWO
6170,統振,通信網路業,6170.TWO
6171,大城地產,建材營造業,6171.TWO
6173,信昌電,電子零組件業,6173.TWO
6174,安��,電子零組件業,6174.TWO
6175,立敦,電子零組件業,6175.TWO
6179,亞通,其他業,6179.TWO
6180,橘子,文化創意業,6180.TWO
6182,合晶,半導體業,6182.TWO
6185,幃翔,電子零組件業,6185.TWO
6186,新潤,建材營造業,6186.TWO
6187,萬潤,半導體業,6187.TWO
6188,廣明,電腦及週邊設備業,6188.TWO
6190,萬泰科,通信網路業,6190.TWO
6194,育富,電子零組件業,6194.TWO
6195,詩肯,居家生活,6195.TWO
6198,瑞築,建材營造業,6198.TWO
6199,天品,其他業,6199.TWO
6203,海韻電,電子零組件業,6203.TWO
6204,艾華,電子零組件業,6204.TWO
6207,雷科,電子零組件業,6207.TWO
6208,日揚,半導體業,6208.TWO
6210,慶生,電子零組件業,6210.TWO
6212,理銘,建材營造業,6212.TWO
6217,中探針,電子零組件業,6217.TWO
6218,豪勉,通信網路業,6218.TWO
6219,富旺,建材營造業,6219.TWO
6220,岳豐,電子零組件業,6220.TWO
6221,晉泰,資訊服務業,6221.TWO
6222,立軒,光電業,6222.TWO
6223,旺矽,半導體業,6223.TWO
6227,茂綸,電子通路業,6227.TWO
6228,全譜,電腦及週邊設備業,6228.TWO
6229,研通,半導體業,6229.TWO
6231,系微,資訊服務業,6231.TWO
6233,旺玖,半導體業,6233.TWO
6234,高僑,光電業,6234.TWO
6236,中湛,其他業,6236.TWO
6237,驊訊,半導體業,6237.TWO
6240,松崗,資訊服務業,6240.TWO
6241,易通展,通信網路業,6241.TWO
6242,立康,生技醫療業,6242.TWO
6244,茂迪,光電業,6244.TWO
6245,立端,通信網路業,6245.TWO
6246,臺龍,光電業,6246.TWO
6248,沛波,鋼鐵工業,6248.TWO
6259,百徽,電子零組件業,6259.TWO
6261,久元,半導體業,6261.TWO
6263,普萊德,通信網路業,6263.TWO
6264,富裔,建材營造業,6264.TWO
6265,方土昶,電子通路業,6265.TWO
6266,泰詠,電子零組件業,6266.TWO
6270,倍微,電子通路業,6270.TWO
6274,台燿,電子零組件業,6274.TWO
6275,元山,電子零組件業,6275.TWO
6276,安鈦克,電腦及週邊設備業,6276.TWO
6279,胡連,電子零組件業,6279.TWO
6284,佳邦,電子零組件業,6284.TWO
6290,良維,電子零組件業,6290.TWO
6291,沛亨,半導體業,6291.TWO
6292,迅德,電子零組件業,6292.TWO
6294,智基,文化創意業,6294.TWO
6411,晶焱,半導體業,6411.TWO
6417,韋僑,通信網路業,6417.TWO
6418,詠昇,電子零組件業,6418.TWO
6419,京晨科,光電業,6419.TWO
6423,億而得,半導體業,6423.TWO
6425,易發,電機機械,6425.TWO
6432,今展科,電子零組件業,6432.TWO
6435,大中,半導體業,6435.TWO
6441,廣錠,電腦及週邊設備業,6441.TWO
6461,益得,生技醫療業,6461.TWO
6462,神盾,半導體業,6462.TWO
6465,威潤,通信網路業,6465.TWO
6469,大樹,生技醫療業,6469.TWO
6470,宇智,通信網路業,6470.TWO
6474,華豫寧,電子通路業,6474.TWO
6482,弘煜科,文化創意業,6482.TWO
6485,點序,半導體業,6485.TWO
6486,互動,通信網路業,6486.TWO
6488,環球晶,半導體業,6488.TWO
6492,生華科,生技醫療業,6492.TWO
6494,九齊,半導體業,6494.TWO
6496,科懋,生技醫療業,6496.TWO
6498,久禾光,光電業,6498.TWO
6499,益安,生技醫療業,6499.TWO
6506,雙邦,紡織纖維,6506.TWO
6508,惠光,農業科技業,6508.TWO
6509,聚和,化學工業,6509.TWO
6510,精測,半導體業,6510.TWO
6512,啟發電,其他電子業,6512.TWO
6516,勤崴國際,資訊服務業,6516.TWO
6517,保勝光學,光電業,6517.TWO
6523,達爾膚,生技醫療業,6523.TWO
6527,明達醫,生技醫療業,6527.TWO
6530,創威,通信網路業,6530.TWO
6532,瑞耘,半導體業,6532.TWO
6535,順藥,生技醫療業,6535.TWO
6538,倉和,電子零組件業,6538.TWO
6542,隆中,文化創意業,6542.TWO
6546,正基,通信網路業,6546.TWO
6547,高端疫苗,生技醫療業,6547.TWO
6548,長科*,半導體業,6548.TWO
6556,勝品,光電業,6556.TWO
6560,欣普羅,光電業,6560.TWO
6561,是方,通信網路業,6561.TWO
6568,宏觀,半導體業,6568.TWO
6569,醫揚,生技醫療業,6569.TWO
6570,維田,電腦及週邊設備業,6570.TWO
6574,霈方,生技醫療業,6574.TWO
6576,逸達,生技醫療業,6576.TWO
6577,勁豐,電腦及週邊設備業,6577.TWO
6578,達邦蛋白,農業科技業,6578.TWO
6584,南俊國際,電子零組件業,6584.TWO
6588,東典光電,通信網路業,6588.TWO
6590,普鴻,資訊服務業,6590.TWO
6593,台灣銘板,資訊服務業,6593.TWO
6596,寬宏藝術,文化創意業,6596.TWO
6597,立誠,電子零組件業,6597.TWO
6603,富強鑫,電機機械,6603.TWO
6609,瀧澤科,電機機械,6609.TWO
6612,奈米醫材,生技醫療業,6612.TWO
6613,朋億*,其他電子業,6613.TWO
6615,慧智,生技醫療業,6615.TWO
6616,特昇-KY,居家生活,6616.TWO
6617,共信-KY,生技醫療業,6617.TWO
6620,漢達,生技醫療業,6620.TWO
6624,萬年清,綠能環保,6624.TWO
6629,泰金-KY,居家生活,6629.TWO
6637,醫影,生技醫療業,6637.TWO
6640,均華,半導體業,6640.TWO
6642,富致,電子零組件業,6642.TWO
6643,M31,半導體業,6643.TWO
6649,台生材,生技醫療業,6649.TWO
6651,全宇昕,半導體業,6651.TWO
6654,天正國際,其他電子業,6654.TWO
6661,威健生技,生技醫療業,6661.TWO
6662,樂斯科,生技醫療業,6662.TWO
6664,群翊,電子零組件業,6664.TWO
6667,信紘科,其他電子業,6667.TWO
6679,鈺太,半導體業,6679.TWO
6680,鑫創電子,電腦及週邊設備業,6680.TWO
6683,雍智科技,半導體業,6683.TWO
6684,安格,半導體業,6684.TWO
6690,安�硌穈T,數位雲端,6690.TWO
6692,進能服,綠能環保,6692.TWO
6693,廣閎科,半導體業,6693.TWO
6697,東捷資訊,資訊服務業,6697.TWO
6703,軒郁,生技醫療業,6703.TWO
6708,天擎,半導體業,6708.TWO
6712,長聖,生技醫療業,6712.TWO
6716,應廣,半導體業,6716.TWO
6720,久昌,半導體業,6720.TWO
6721,信實,其他業,6721.TWO
6725,矽科宏晟,其他電子業,6725.TWO
6727,亞泰金屬,電子零組件業,6727.TWO
6728,上洋,居家生活,6728.TWO
6730,常廣,生技醫療業,6730.TWO
6732,昇佳電子,半導體業,6732.TWO
6733,博晟生醫,生技醫療業,6733.TWO
6735,美達科技,其他電子業,6735.TWO
6739,竹陞科技,其他電子業,6739.TWO
6741,91APP*-KY,數位雲端,6741.TWO
6751,智聯服務,資訊服務業,6751.TWO
6752,叡揚,資訊服務業,6752.TWO
6761,穩得,電子零組件業,6761.TWO
6762,達亞,生技醫療業,6762.TWO
6763,綠界科技*,數位雲端,6763.TWO
6767,台微醫,生技醫療業,6767.TWO
6785,昱展新藥,生技醫療業,6785.TWO
6788,華景電,半導體業,6788.TWO
6791,虎門科技,資訊服務業,6791.TWO
6803,崑鼎,綠能環保,6803.TWO
6804,明係,運動休閒,6804.TWO
6811,宏�硌穈T,數位雲端,6811.TWO
6821,聯寶,電子零組件業,6821.TWO
6823,濾能,半導體業,6823.TWO
6829,千附精密,半導體業,6829.TWO
6840,東研信超,其他電子業,6840.TWO
6841,長佳智能,生技醫療業,6841.TWO
6843,進典,電機機械,6843.TWO
6844,諾貝兒,生技醫療業,6844.TWO
6846,綠茵,食品工業,6846.TWO
6855,數泓科,其他電子業,6855.TWO
6856,鑫傳,文化創意業,6856.TWO
6859,伯特光,光電業,6859.TWO
6865,偉康科技,數位雲端,6865.TWO
6870,騰雲,數位雲端,6870.TWO
6872,浩宇生醫,生技醫療業,6872.TWO
6874,倍力,資訊服務業,6874.TWO
6875,國邑*,生技醫療業,6875.TWO
6877,鏵友益,其他電子業,6877.TWO
6881,潤德,其他業,6881.TWO
6884,海柏特,資訊服務業,6884.TWO
6894,衛司特,綠能環保,6894.TWO
6895,宏碩系統,半導體業,6895.TWO
6899,創為精密,光電業,6899.TWO
6903,巨漢,其他電子業,6903.TWO
6904,伯鑫,其他業,6904.TWO
6907,雅特力-KY,半導體業,6907.TWO
6910,德鴻,數位雲端,6910.TWO
6913,鴻呈,電子零組件業,6913.TWO
6922,宸曜,電腦及週邊設備業,6922.TWO
6925,意藍,數位雲端,6925.TWO
6929,佑全,生技醫療業,6929.TWO
6953,家碩,半導體業,6953.TWO
6961,旅天下,觀光餐旅,6961.TWO
6967,汎瑋材料,電子零組件業,6967.TWO
6968,萬達寵物,居家生活,6968.TWO
6971,惠民實業,綠能環保,6971.TWO
6982,大井泵浦,電機機械,6982.TWO
6996,力領科技,半導體業,6996.TWO
6997,博弘,數位雲端,6997.TWO
7402,邑錡,光電業,7402.TWO
7547,碩網,數位雲端,7547.TWO
7556,意德士,半導體業,7556.TWO
7584,樂意,文化創意業,7584.TWO
7642,昶瑞機電,電機機械,7642.TWO
7703,銳澤,其他電子業,7703.TWO
7704,明遠精密,半導體業,7704.TWO
7708,全家餐飲,觀光餐旅,7708.TWO
7709,榮田,電機機械,7709.TWO
7712,博盛半導體,半導體業,7712.TWO
7713,威力德生醫,生技醫療業,7713.TWO
7714,創泓科技,數位雲端,7714.TWO
7715,裕山,綠能環保,7715.TWO
7716,昱臺國際,航運業,7716.TWO
7717,萊德光電-KY,通信網路業,7717.TWO
7718,友鋮,鋼鐵工業,7718.TWO
7723,築間,觀光餐旅,7723.TWO
7728,光焱科技,其他電子業,7728.TWO
7734,印能科技,半導體業,7734.TWO
7738,東聯互動,數位雲端,7738.TWO
7743,金利食安,食品工業,7743.TWO
7744,崴寶,電子零組件業,7744.TWO
7747,昕奇雲端,數位雲端,7747.TWO
7751,竑騰,半導體業,7751.TWO
7753,星亞,光電業,7753.TWO
7757,金色三麥,觀光餐旅,7757.TWO
7767,仁大資訊,資訊服務業,7767.TWO
7770,君曜,半導體業,7770.TWO
7777,能率亞洲,其他業,7777.TWO
7782,光速火箭,居家生活,7782.TWO
7792,安葆,其他電子業,7792.TWO
7805,威聯通,數位雲端,7805.TWO
7810,捷創科技,半導體業,7810.TWO
8024,佑華,半導體業,8024.TWO
8027,鈦昇,電機機械,8027.TWO
8032,光菱,電子通路業,8032.TWO
8034,榮群,通信網路業,8034.TWO
8038,長園科,電子零組件業,8038.TWO
8040,九暘,半導體業,8040.TWO
8042,金山電,電子零組件業,8042.TWO
8043,蜜望實,電子零組件業,8043.TWO
8044,網家,數位雲端,8044.TWO
8047,星雲,其他電子業,8047.TWO
8048,德勝,通信網路業,8048.TWO
8049,晶采,光電業,8049.TWO
8050,廣積,電腦及週邊設備業,8050.TWO
8054,安國,半導體業,8054.TWO
8059,凱碩,通信網路業,8059.TWO
8064,東捷,光電業,8064.TWO
8066,來思達,居家生活,8066.TWO
8067,志旭,電子通路業,8067.TWO
8068,全達,電子通路業,8068.TWO
8069,元太,光電業,8069.TWO
8071,能率網通,電子零組件業,8071.TWO
8074,鉅橡,電子零組件業,8074.TWO
8076,伍豐,電腦及週邊設備業,8076.TWO
8077,洛��,觀光餐旅,8077.TWO
8080,泰霖,建材營造業,8080.TWO
8083,瑞穎,電機機械,8083.TWO
8084,巨虹,電子通路業,8084.TWO
8085,福華,其他電子業,8085.TWO
8086,宏捷科,半導體業,8086.TWO
8087,麗升能源,綠能環保,8087.TWO
8088,品安,半導體業,8088.TWO
8089,康全電訊,通信網路業,8089.TWO
8091,翔名,半導體業,8091.TWO
8092,建暐,其他電子業,8092.TWO
8093,保銳,電子零組件業,8093.TWO
8096,擎亞,電子通路業,8096.TWO
8097,常珵,通信網路業,8097.TWO
8099,大世科,資訊服務業,8099.TWO
8102,傑霖科技,半導體業,8102.TWO
8107,大億金茂,電機機械,8107.TWO
8109,博大,電子零組件業,8109.TWO
8111,立��,光電業,8111.TWO
8121,越峰,電子零組件業,8121.TWO
8147,正淩,電子零組件業,8147.TWO
8155,博智,電子零組件業,8155.TWO
8171,天宇,綠能環保,8171.TWO
8176,智捷,通信網路業,8176.TWO
8182,加高,電子零組件業,8182.TWO
8183,精星,其他電子業,8183.TWO
8227,巨有科技,半導體業,8227.TWO
8234,新漢,電腦及週邊設備業,8234.TWO
8240,華宏,光電業,8240.TWO
8255,朋程,電機機械,8255.TWO
8272,全景軟體,資訊服務業,8272.TWO
8277,商丞,半導體業,8277.TWO
8279,生展,生技醫療業,8279.TWO
8284,三竹,資訊服務業,8284.TWO
8289,泰藝,電子零組件業,8289.TWO
8291,尚茂,電子零組件業,8291.TWO
8299,群聯,半導體業,8299.TWO
8342,益張,其他業,8342.TWO
8349,�矬�,鋼鐵工業,8349.TWO
8354,冠好,其他業,8354.TWO
8358,金居,電子零組件業,8358.TWO
8383,千附,半導體業,8383.TWO
8390,金益鼎,綠能環保,8390.TWO
8401,白紗科,其他業,8401.TWO
8403,盛弘,生技醫療業,8403.TWO
8409,商之器,生技醫療業,8409.TWO
8410,森田,電腦及週邊設備業,8410.TWO
8415,大國鋼,鋼鐵工業,8415.TWO
8416,實威,資訊服務業,8416.TWO
8421,旭源,其他業,8421.TWO
8423,保綠-KY,綠能環保,8423.TWO
8424,惠普,建材營造業,8424.TWO
8426,紅木-KY,其他業,8426.TWO
8431,匯鑽科,其他電子業,8431.TWO
8432,東生華,生技醫療業,8432.TWO
8433,弘帆,居家生活,8433.TWO
8435,鉅邁,其他業,8435.TWO
8436,大江,生技醫療業,8436.TWO
8437,大地-KY,其他業,8437.TWO
8440,綠電,綠能環保,8440.TWO
8444,綠河-KY,其他業,8444.TWO
8446,華研,文化創意業,8446.TWO
8450,霹靂,文化創意業,8450.TWO
8455,大拓-KY,其他電子業,8455.TWO
8472,夠麻吉,數位雲端,8472.TWO
8477,創業家,數位雲端,8477.TWO
8489,三貝德,其他業,8489.TWO
8905,裕國,其他業,8905.TWO
8906,花王,其他業,8906.TWO
8908,欣雄,油電燃氣業,8908.TWO
8916,光隆,其他業,8916.TWO
8917,欣泰,油電燃氣業,8917.TWO
8921,沈氏,其他業,8921.TWO
8923,時報,文化創意業,8923.TWO
8924,大田,運動休閒,8924.TWO
8927,北基,油電燃氣業,8927.TWO
8928,鉅明,運動休閒,8928.TWO
8929,富堡,其他業,8929.TWO
8930,青鋼,鋼鐵工業,8930.TWO
8931,大汽電,油電燃氣業,8931.TWO
8932,智通*,其他業,8932.TWO
8933,愛地雅,運動休閒,8933.TWO
8935,邦泰,其他業,8935.TWO
8936,國統,其他業,8936.TWO
8937,合騏,其他業,8937.TWO
8938,明安,運動休閒,8938.TWO
8941,關中,居家生活,8941.TWO
8942,森鉅,其他業,8942.TWO
9949,琉園,文化創意業,9949.TWO
9950,萬國通,塑膠工業,9950.TWO
9951,皇田,電機機械,9951.TWO
9960,邁達康,運動休閒,9960.TWO
9962,有益,鋼鐵工業,9962.TWO
